label,metric,probability,timestamp
calm,awareness,0.30724937687490067,1697678657974
calm,awareness,0.3281868891944328,1697678658996
calm,awareness,0.18558138938516963,1697678659970
calm,awareness,0.15931606488255767,1697678660964
calm,awareness,0.06695610331568545,1697678661961
calm,awareness,0.05175627823776649,1697678662850
calm,awareness,0.09299960150819422,1697678663859
calm,awareness,0.08099454487354416,1697678664847
calm,awareness,0.19183032642537964,1697678665845
calm,awareness,0.34389461197057614,1697678666848
calm,awareness,0.45446216072702555,1697678667836
calm,awareness,0.21572247709065062,1697678668726
calm,awareness,0.29061673379104364,1697678669722
calm,awareness,0.21655162513122056,1697678670717
calm,awareness,0.27480901741571434,1697678671723
calm,awareness,0.3270078974945378,1697678672713
calm,awareness,0.3399687118682843,1697678673600
calm,awareness,0.3260503457773139,1697678674598
calm,awareness,0.21771727069202473,1697678675598
calm,awareness,0.33023398700048345,1697678676590
calm,awareness,0.2389387802617114,1697678677595
calm,awareness,0.2937043853276735,1697678678495
calm,awareness,0.3253729379595462,1697678679474
calm,awareness,0.3973134968643623,1697678680470
calm,awareness,0.2858139763749224,1697678681463
calm,awareness,0.37489467469631765,1697678682463
calm,awareness,0.33294694395347596,1697678683465
calm,awareness,0.34320629387220297,1697678684354
calm,awareness,0.29596397700333077,1697678685349
calm,awareness,0.18108536064934952,1697678686342
calm,awareness,0.3484538222578092,1697678687338
calm,awareness,0.27787415176182856,1697678688345
calm,awareness,0.1598586248611766,1697678689237
calm,awareness,0.28519212027038315,1697678690225
calm,awareness,0.35812215360021543,1697678691220
calm,awareness,0.37563876019771686,1697678692218
calm,awareness,0.21044397805250006,1697678693211
calm,awareness,0.24340104481801944,1697678694134
calm,awareness,0.17097789477146647,1697678695100
calm,awareness,0.3318695488571086,1697678696100
calm,awareness,0.22436086285036516,1697678697090
calm,awareness,0.22937669545845826,1697678698090
calm,awareness,0.3047173766808645,1697678699092
calm,awareness,0.20201627141852202,1697678699973
calm,awareness,0.2662277256700588,1697678700972
calm,awareness,0.3198494209511836,1697678701972
calm,awareness,0.18909167938728128,1697678702963
calm,awareness,0.34850895982942587,1697678703974
calm,awareness,0.42426591872474007,1697678704852
calm,awareness,0.0626535631373462,1697678705847
calm,awareness,0.12213188977959995,1697678706856
calm,awareness,0.19377811687779872,1697678707839
calm,awareness,0.10698030730267703,1697678708837
calm,awareness,0.20881519843968926,1697678709746
calm,awareness,0.22255793710773306,1697678710720
calm,awareness,0.10182950114978612,1697678711720
calm,awareness,0.1283828510799394,1697678712714
calm,awareness,0.10811631525169829,1697678713717
calm,awareness,0.30297157796972934,1697678714716
calm,awareness,0.09079314380003753,1697678715600
calm,awareness,0.0884157920103488,1697678716594
calm,awareness,0.08791917566381374,1697678717598
calm,awareness,0.42261543165024534,1697678718591
calm,awareness,0.2752628724363192,1697678719590
calm,awareness,0.34057637661411366,1697678720471
calm,awareness,0.42773476426532825,1697678721471
calm,awareness,0.0774156597801796,1697678722471
calm,awareness,0.11836492515483497,1697678723464
calm,awareness,0.1975854063591471,1697678724462
calm,awareness,0.0813918061748248,1697678725357
calm,awareness,0.2461371242482454,1697678726351
calm,awareness,0.2674359470269574,1697678727349
calm,awareness,0.2508879578801865,1697678728343
calm,awareness,0.3542120189151431,1697678729347
calm,awareness,0.3549488613466784,1697678730336
calm,awareness,0.401907214865195,1697678731224
calm,awareness,0.19685021832729543,1697678732222
calm,awareness,0.23882559697798972,1697678733219
calm,awareness,0.16527723929432225,1697678734226
calm,awareness,0.2919233659210487,1697678735216
calm,awareness,0.20152195772347173,1697678736103
calm,awareness,0.3210027138443655,1697678737100
calm,awareness,0.2579408557939506,1697678738100
calm,awareness,0.3376300449028182,1697678739104
calm,awareness,0.36537535735083926,1697678740093
calm,awareness,0.35163830947281677,1697678741000
calm,awareness,0.3095983498382958,1697678742004
calm,awareness,0.35868235225029876,1697678742972
calm,awareness,0.39502163989956063,1697678743971
calm,awareness,0.4156252520704393,1697678744967
calm,awareness,0.35082517044051387,1697678745963
calm,awareness,0.40366243679926533,1697678746850
calm,awareness,0.3910514059333765,1697678747852
calm,awareness,0.32760935224614196,1697678748848
calm,awareness,0.39936189596832367,1697678749841
calm,awareness,0.40633928122303675,1697678750843
calm,awareness,0.24011399102877712,1697678751725
calm,awareness,0.3771382372032662,1697678752720
calm,awareness,0.40236892794799206,1697678753722
calm,awareness,0.32245008207160347,1697678754720
calm,awareness,0.3337434156790712,1697678755714
calm,awareness,0.366624438515272,1697678756606
calm,awareness,0.3550954699595687,1697678757599
calm,awareness,0.366217557934503,1697678758611
calm,awareness,0.35719042292817116,1697678759610
calm,awareness,0.29789869171747985,1697678760590
calm,awareness,0.3363072674422186,1697678761593
calm,awareness,0.45863351492397125,1697678762480
calm,awareness,0.34690793357952454,1697678763472
calm,awareness,0.44009290231303927,1697678764510
calm,awareness,0.286220629052089,1697678765461
calm,awareness,0.27812414375415523,1697678766468
calm,awareness,0.34201630754178,1697678767406
calm,awareness,0.4113465385750287,1697678768345
calm,awareness,0.35175936332954105,1697678769356
calm,awareness,0.5239002268499021,1697678770355
calm,awareness,0.4116555842543101,1697678771339
calm,awareness,0.3700376869815597,1697678772255
calm,awareness,0.250552530173148,1697678773223
calm,awareness,0.3862075458575524,1697678774253
calm,awareness,0.41625179478653895,1697678775216
calm,awareness,0.4510096396440135,1697678776216
calm,awareness,0.44077082616671837,1697678777221
calm,awareness,0.42360288298126153,1697678778099
calm,awareness,0.4170154706019123,1697678779099
calm,awareness,0.35504996757679114,1697678780098
calm,awareness,0.3985352437737235,1697678781089
calm,awareness,0.39642359050658116,1697678782097
calm,awareness,0.34609982996759187,1697678782973
calm,awareness,0.3135896013191802,1697678783972
calm,awareness,0.35125767682409087,1697678784981
calm,awareness,0.4000647822745347,1697678785969
calm,awareness,0.25065638211995994,1697678786960
calm,awareness,0.3472997154110069,1697678787854
calm,awareness,0.3882371225588599,1697678788861
calm,awareness,0.3900275357030849,1697678789849
calm,awareness,0.4336825037676652,1697678790842
calm,awareness,0.36963643209862995,1697678791840
calm,awareness,0.28636487092231594,1697678792836
calm,awareness,0.2584674145512438,1697678793725
calm,awareness,0.27992527949932333,1697678794730
calm,awareness,0.1783472987741266,1697678795719
calm,awareness,0.1768713457840145,1697678796715
calm,awareness,0.30423755995989443,1697678797713
calm,awareness,0.2802956784241351,1697678798602
calm,awareness,0.10522180493055507,1697678799613
calm,awareness,0.2206230098184246,1697678800602
calm,awareness,0.29760484661068665,1697678801593
calm,awareness,0.47917573429990235,1697678802588
calm,awareness,0.2701768088128504,1697678803495
calm,awareness,0.44548714251172594,1697678804499
calm,awareness,0.2546939529532084,1697678805470
calm,awareness,0.3092919843276465,1697678806466
calm,awareness,0.4091673460347678,1697678807461
calm,awareness,0.3286393841264052,1697678808465
calm,awareness,0.129255528953869,1697678809366
calm,awareness,0.041901162173908275,1697678810358
calm,awareness,0.1443181593345061,1697678811344
calm,awareness,0.2805911331081113,1697678812344
calm,awareness,0.19166533561203478,1697678813339
calm,awareness,0.19299020506847905,1697678814221
calm,awareness,0.24540703817279574,1697678815222
calm,awareness,0.16210880271803702,1697678816229
calm,awareness,0.28890723902188803,1697678817232
calm,awareness,0.3669929047334956,1697678818226
calm,awareness,0.3048103868206465,1697678819102
calm,awareness,0.37955347139488566,1697678820106
calm,awareness,0.2746556263034644,1697678821099
calm,awareness,0.27394316537045665,1697678822092
calm,awareness,0.31758025079140867,1697678823091
calm,awareness,0.3910934129386537,1697678824087
calm,awareness,0.4916225476246723,1697678825004
calm,awareness,0.45648409314012234,1697678825971
calm,awareness,0.4624456341864701,1697678826969
calm,awareness,0.25976566422883046,1697678827971
calm,awareness,0.23088788952777706,1697678828962
calm,awareness,0.2990290554053219,1697678829868
calm,awareness,0.28786328090567614,1697678830848
calm,awareness,0.1873429536797913,1697678831845
calm,awareness,0.09047807560722315,1697678832841
calm,awareness,0.07425848922773273,1697678833841
calm,awareness,0,1697678834765
calm,awareness,0.18257461983742604,1697678835723
calm,awareness,0,1697678836723
calm,awareness,0.23256558374745367,1697678837715
calm,awareness,0.19634445504262843,1697678838712
calm,awareness,0.3366199133453357,1697678839729
calm,awareness,0.2826000385761778,1697678840611
calm,awareness,0.43597702448965164,1697678841598
calm,awareness,0.30173816630959954,1697678842600
calm,awareness,0,1697678843590
calm,awareness,0,1697678844613
calm,awareness,0.2093526836260961,1697678845472
calm,awareness,0.280231650748253,1697678846471
calm,awareness,0.2875811229158237,1697678847473
calm,awareness,0.2287674416590068,1697678848466
calm,awareness,0.3124770063843327,1697678849478
calm,awareness,0.22418032168128713,1697678850355
calm,awareness,0.33687678198374005,1697678851348
calm,awareness,0.2706586127320196,1697678852358
calm,awareness,0.2644728373691996,1697678853341
calm,awareness,0.33877759200842766,1697678854349
calm,awareness,0.3443719323797726,1697678855343
calm,awareness,0.1861669937111812,1697678856230
calm,awareness,0.32478833480419456,1697678857220
calm,awareness,0.4427403299337159,1697678858221
calm,awareness,0.4315024647968922,1697678859219
calm,awareness,0.38775842217187634,1697678860220
calm,awareness,0.3664326101905958,1697678861100
calm,awareness,0.332247780784449,1697678862096
calm,awareness,0.4518681944424782,1697678863097
calm,awareness,0.3905202721300799,1697678864091
calm,awareness,0.2625477302957633,1697678865091
calm,awareness,0.35719269712345664,1697678865994
calm,awareness,0.35941986113843266,1697678866975
calm,awareness,0.37914616466913087,1697678867970
calm,awareness,0.38326039138585255,1697678868967
calm,awareness,0.3740980151330233,1697678869972
calm,awareness,0.1598538322936735,1697678870964
calm,awareness,0.2756525090467568,1697678871846
calm,awareness,0.3636677891677747,1697678872850
calm,awareness,0.24276603836580646,1697678873850
calm,awareness,0.31691342982841003,1697678874848
calm,awareness,0.22466655219615406,1697678875969
calm,awareness,0.12817433781955137,1697678876722
calm,awareness,0.32777448297392053,1697678877723
calm,awareness,0.2983752005280672,1697678878724
calm,awareness,0.2728115663054633,1697678879730
calm,awareness,0.29843714958169254,1697678880719
calm,awareness,0.22280028241805527,1697678881626
calm,awareness,0.19209865048300886,1697678882603
calm,awareness,0.27952058614774733,1697678883602
calm,awareness,0.23348438533216265,1697678884598
calm,awareness,0.4053658647523094,1697678885592
calm,awareness,0.350532337294229,1697678886587
calm,awareness,0.25963283505975093,1697678887480
calm,awareness,0.28935128073945815,1697678888476
calm,awareness,0.2771627497287206,1697678889476
calm,awareness,0.28420992813302537,1697678890470
calm,awareness,0.3423749909064025,1697678891461
calm,awareness,0.27849707335276264,1697678892349
calm,awareness,0.35880765809821624,1697678893351
calm,awareness,0.32888241134158225,1697678894367
calm,awareness,0.2061300841190212,1697678895388
calm,awareness,0.26655114786283685,1697678896343
calm,awareness,0.37825305736337034,1697678897248
calm,awareness,0.2535976877048967,1697678898224
calm,awareness,0.40356399482587646,1697678899220
calm,awareness,0.299870944179615,1697678900231
calm,awareness,0.17306264209687497,1697678901215
calm,awareness,0.38335448705894803,1697678902211
calm,awareness,0.3574477839044678,1697678903102
calm,awareness,0.15164057117975624,1697678904098
calm,awareness,0.17209923746213385,1697678905215
calm,awareness,0,1697678906091
calm,awareness,0.20456349885483086,1697678907093
calm,awareness,0,1697678907972
calm,awareness,0.09637143896168493,1697678908969
calm,awareness,0.17939463046899526,1697678909972
calm,awareness,0.29211034729533003,1697678910966
calm,awareness,0.27389590822078186,1697678911961
calm,awareness,0.37447969317853147,1697678912856
calm,awareness,0.3473934819425993,1697678913849
calm,awareness,0.3151389274985199,1697678914862
calm,awareness,0.3444020924797949,1697678915854
calm,awareness,0.33065982435131663,1697678916842
calm,awareness,0.288072530379172,1697678917836
calm,awareness,0.2559913896444503,1697678918723
calm,awareness,0.24930416552903611,1697678919729
calm,awareness,0.2616121219954701,1697678920720
calm,awareness,0.3648830322600375,1697678921713
calm,awareness,0.1782537984727949,1697678922737
calm,awareness,0.452298736208443,1697678923613
calm,awareness,0.35256160967457273,1697678924594
calm,awareness,0.28959129474210904,1697678925599
calm,awareness,0.3373539265133475,1697678926591
calm,awareness,0.23009307665959264,1697678927613
calm,awareness,0.4353527897906986,1697678928499
calm,awareness,0.2809240509370278,1697678929474
calm,awareness,0.2979178768797145,1697678930471
calm,awareness,0.25852653536791464,1697678931465
calm,awareness,0.3852133812042213,1697678932463
calm,awareness,0.27219995486596354,1697678933461
calm,awareness,0.300445871376179,1697678934353
calm,awareness,0.4300852522700409,1697678935350
calm,awareness,0.3038603735670669,1697678936342
calm,awareness,0.28780523496462973,1697678937342
calm,awareness,0.3763554500779309,1697678938340
calm,awareness,0.12111717174460324,1697678939222
calm,awareness,0.2032310246104566,1697678940234
calm,awareness,0.17829732558594716,1697678941218
calm,awareness,0.31558216722394805,1697678942214
calm,awareness,0.3388993269209827,1697678943213
calm,awareness,0.13117820363634783,1697678944105
calm,awareness,0.3335509909572593,1697678945109
calm,awareness,0.40918251948030104,1697678946095
calm,awareness,0.29014287166826386,1697678947092
calm,awareness,0.42454584675411283,1697678948089
calm,awareness,0.31761392046987796,1697678949092
calm,awareness,0.2657581553170076,1697678949999
calm,awareness,0.2726780880991623,1697678950973
calm,awareness,0.3211988688851062,1697678951968
calm,awareness,0.2862479845191022,1697678952968
calm,awareness,0.452244323621128,1697678953964
calm,awareness,0.28701359832718387,1697678954849
calm,awareness,0.1910698794647049,1697678955856
calm,awareness,0.25449466255454645,1697678956848
calm,awareness,0.3106627187483949,1697678957848
calm,awareness,0.3301789729417983,1697678958841
calm,awareness,0.3478877219493907,1697678959750
calm,awareness,0.33497859002385366,1697678960724
calm,awareness,0.24567762157444673,1697678961721
calm,awareness,0.33187889759651656,1697678962727
calm,awareness,0.3170659868875242,1697678963722
calm,awareness,0,1697678964711
calm,awareness,0.05755861788048838,1697678965611
calm,awareness,0.15850085137703737,1697678966615
calm,awareness,0.23698940426406034,1697678967599
calm,awareness,0.20909172854965563,1697678968601
calm,awareness,0.12592684568207352,1697678969590
calm,awareness,0.23082371380256572,1697678970497
calm,awareness,0.2363707000329635,1697678971472
calm,awareness,0.2151311024285403,1697678972469
calm,awareness,0.10624946700817886,1697678973467
calm,awareness,0.2547248762555203,1697678974462
calm,awareness,0.20124299274716734,1697678975373
calm,awareness,0.26804411346231244,1697678976352
calm,awareness,0.33111955412873306,1697678977348
calm,awareness,0.12868532688882184,1697678978343
calm,awareness,0.4729129524923803,1697678979344
calm,awareness,0.31322010827114516,1697678980361
calm,awareness,0.23599996498493614,1697678981225
calm,awareness,0.14475828144788017,1697678982226
calm,awareness,0.3476373560574031,1697678983221
calm,awareness,0.29130653842286847,1697678984217
calm,awareness,0.3933322379143531,1697678985217
calm,awareness,0.34236873328423756,1697678986103
calm,awareness,0.27910688870903033,1697678987101
calm,awareness,0.27818827913830724,1697678988096
calm,awareness,0.2691950365722953,1697678989091
calm,awareness,0.17644791142044036,1697678990105
calm,awareness,0.24337569472811785,1697678990996
calm,awareness,0.23660195151937596,1697678991975
calm,awareness,0.408082860052532,1697678992976
calm,awareness,0.19955128867670363,1697678993967
calm,awareness,0.3169199704906892,1697678994963
calm,awareness,0.32650645462112265,1697678995963
calm,awareness,0.36111292522356603,1697678996875
calm,awareness,0.288195868599201,1697678997866
calm,awareness,0.36443567831260704,1697678998847
calm,awareness,0.3253554602196955,1697678999841
calm,awareness,0.1480947410723254,1697679000843
calm,awareness,0.2158577693144249,1697679001724
calm,awareness,0.40955506344199794,1697679002723
calm,awareness,0.4484499191160847,1697679003720
calm,awareness,0.3703604740788782,1697679004715
calm,awareness,0.30918507122654465,1697679005718
calm,awareness,0.28748513144389853,1697679006602
calm,awareness,0.3687068317140796,1697679007602
calm,awareness,0.280161571303751,1697679008601
calm,awareness,0.37350266097214585,1697679009593
calm,awareness,0.37891749854337137,1697679010592
calm,awareness,0.2944096167868555,1697679011589
calm,awareness,0.39823285900150374,1697679012474
calm,awareness,0.25345179991741595,1697679013472
calm,awareness,0.3526059484100852,1697679014471
calm,awareness,0.1955870636460208,1697679015485
calm,awareness,0.3511529688924144,1697679016461
calm,awareness,0.4474093954470804,1697679017348
calm,awareness,0.2970923711060167,1697679018346
calm,awareness,0.24744481052758335,1697679019346
calm,awareness,0.3567187548043168,1697679020350
calm,awareness,0.28502411251047566,1697679021340
calm,awareness,0.23032321849526466,1697679022250
calm,awareness,0.2910207984258862,1697679023223
calm,awareness,0.2283230281611332,1697679024219
calm,awareness,0.17681194088213648,1697679025229
calm,awareness,0.2946128148618657,1697679026213
calm,awareness,0.3263405354331888,1697679027210
calm,awareness,0.3701168832462838,1697679028102
calm,awareness,0.19726850642300833,1697679029095
calm,awareness,0.28996639289465076,1697679030097
calm,awareness,0.4353613982878439,1697679031092
calm,awareness,0.24520795785810157,1697679032088
calm,awareness,0.37612245329188554,1697679032991
calm,awareness,0.40155543854340947,1697679033970
calm,awareness,0.3282757378512564,1697679034972
calm,awareness,0.24301641211381197,1697679035968
calm,awareness,0.23603431534798758,1697679036976
calm,awareness,0.29064307986411725,1697679037852
calm,awareness,0.31448913101887915,1697679038849
calm,awareness,0.4131573764076834,1697679039848
calm,awareness,0.45350304081485615,1697679040852
calm,awareness,0.26062073408383746,1697679041843
calm,awareness,0.32492930104449025,1697679042842
calm,awareness,0.23365655995594614,1697679043736
calm,awareness,0.3077136778109608,1697679044724
calm,awareness,0.35078435259854973,1697679045794
calm,awareness,0.3144411596994833,1697679046716
calm,awareness,0.29015415051467225,1697679047712
calm,awareness,0.3578898472051541,1697679048598
calm,awareness,0.28149454740960533,1697679049599
calm,awareness,0.18150980161767838,1697679050606
calm,awareness,0.30881971219846666,1697679051595
calm,awareness,0.2579103597392534,1697679052588
calm,awareness,0.3204045464721341,1697679053498
calm,awareness,0.43391158915656136,1697679054476
calm,awareness,0.18293963379911785,1697679055478
calm,awareness,0.15219754419232226,1697679056470
calm,awareness,0.3269735553842038,1697679057472
calm,awareness,0.33413534836192293,1697679058462
calm,awareness,0.2957104573738605,1697679059351
calm,awareness,0.39804028658044055,1697679060359
calm,awareness,0.3324364267786718,1697679061347
calm,awareness,0.16364970011199753,1697679062342
calm,awareness,0.131381796707419,1697679063338
calm,awareness,0.26059209523946447,1697679064224
calm,awareness,0.2666677159561956,1697679065224
calm,awareness,0.290257107076249,1697679066222
calm,awareness,0.17222006633882336,1697679067215
calm,awareness,0.2657448067512762,1697679068224
calm,awareness,0.28906254801808656,1697679069103
calm,awareness,0.2934522148355899,1697679070101
calm,awareness,0.3445867541117623,1697679071098
calm,awareness,0.33691009120574,1697679072091
calm,awareness,0.3804426540091932,1697679073109
calm,awareness,0.3431482651766805,1697679074089
calm,awareness,0.3798671807110551,1697679074973
calm,awareness,0.4263009184002703,1697679075977
calm,awareness,0.23106210199566757,1697679076974
calm,awareness,0.2785556542004193,1697679077965
calm,awareness,0.35329060061952233,1697679078962
calm,awareness,0.38831156682862056,1697679079848
calm,awareness,0.22981555074692722,1697679080859
calm,awareness,0.37567317132291494,1697679081845
calm,awareness,0.34483077033751364,1697679082844
calm,awareness,0.276337531153099,1697679083843
calm,awareness,0.2958873170245985,1697679084746
calm,awareness,0.2943704892007449,1697679085753
calm,awareness,0.31803274280531185,1697679086723
calm,awareness,0.2713803250254055,1697679087718
calm,awareness,0.3530119648417461,1697679088720
calm,awareness,0.38624286375468286,1697679089718
calm,awareness,0.2902007446288425,1697679090610
calm,awareness,0.4976923332210616,1697679091605
calm,awareness,0.2728797577783427,1697679092599
calm,awareness,0.3464983599494542,1697679093595
calm,awareness,0.47711588411968414,1697679094587
calm,awareness,0.36720170699374494,1697679095483
calm,awareness,0.36013005402060183,1697679096474
calm,awareness,0.44612263860878926,1697679097473
calm,awareness,0.27569648922249484,1697679098474
calm,awareness,0.21228782904116572,1697679099463
calm,awareness,0.20169822997903641,1697679100357
calm,awareness,0.24415702361946331,1697679101353
calm,awareness,0.2610646065339564,1697679102347
calm,awareness,0.356662917010189,1697679103348
calm,awareness,0.4479144452628273,1697679104340
calm,awareness,0.2350866015855102,1697679105338
calm,awareness,0.3792326112308876,1697679106230
calm,awareness,0.24854360467531195,1697679107220
calm,awareness,0.3415567740775715,1697679108247
calm,awareness,0.3285929212766282,1697679109218
calm,awareness,0.29358291865630265,1697679110213
calm,awareness,0.4168928558275319,1697679111104
calm,awareness,0.346409763565359,1697679112104
calm,awareness,0.335148753868168,1697679113100
calm,awareness,0.31835778990743047,1697679114094
calm,awareness,0.32225115930479,1697679115087
calm,awareness,0.3284342916114295,1697679116020
calm,awareness,0.17961818663234194,1697679116979
calm,awareness,0.1767369584198757,1697679117970
calm,awareness,0.37609965963837205,1697679118972
calm,awareness,0.3850314956865969,1697679119966
calm,awareness,0.2922339235104047,1697679121004
calm,awareness,0.365724469248913,1697679121848
calm,awareness,0.4088335835570072,1697679122849
calm,awareness,0.24996987622053657,1697679123847
calm,awareness,0.4109854344869187,1697679124841
calm,awareness,0.37228084860295857,1697679125847
calm,awareness,0.37096256682981765,1697679126723
calm,awareness,0.21742208892499032,1697679127725
calm,awareness,0.4378794150540122,1697679128722
calm,awareness,0.33233294649095857,1697679129716
calm,awareness,0.2374311929263325,1697679130715
calm,awareness,0.3536110972233146,1697679131604
calm,awareness,0.38644826974492585,1697679132600
calm,awareness,0.3517711922124463,1697679133608
calm,awareness,0.3389964161049941,1697679134592
calm,awareness,0.2545735764109469,1697679135600
calm,awareness,0.19529163313955056,1697679136594
calm,awareness,0.05464404331463807,1697679137473
calm,awareness,0.16942256489581048,1697679138489
calm,awareness,0.18676236644646718,1697679139471
calm,awareness,0.2880727239871685,1697679140465
calm,awareness,0.2708532922488257,1697679141471
calm,awareness,0.223939882964105,1697679142348
calm,awareness,0.2239296648051604,1697679143384
calm,awareness,0.21728533158051633,1697679144352
calm,awareness,0.22058293647771623,1697679145341
calm,awareness,0.2244282356993354,1697679146353
calm,awareness,0.31355009033348935,1697679147246
calm,awareness,0.30173702256328744,1697679148244
calm,awareness,0.3124486637980072,1697679149220
calm,awareness,0.20121695985046473,1697679150215
calm,awareness,0.21062564197961833,1697679151222
calm,awareness,0.22403732691807748,1697679152212
calm,awareness,0.22279710505613362,1697679153100
calm,awareness,0.21338496605385376,1697679154103
calm,awareness,0.30781512824649937,1697679155096
calm,awareness,0.1929902344758566,1697679156095
calm,awareness,0.25897125197614557,1697679157088
calm,awareness,0.29169205644202284,1697679157976
calm,awareness,0.27419314474655365,1697679158974
calm,awareness,0.160311378778827,1697679159973
calm,awareness,0.24066934558194678,1697679160971
calm,awareness,0.19674208974394805,1697679161964
calm,awareness,0.22614850496748579,1697679162854
calm,awareness,0.23239072514136594,1697679163850
calm,awareness,0.3815712538797976,1697679164851
calm,awareness,0.3158175135548501,1697679165859
calm,awareness,0.18368685221347059,1697679166841
calm,awareness,0.2743641069163124,1697679167838
calm,awareness,0.2401839552509124,1697679168730
calm,awareness,0.3486176537005858,1697679169722
calm,awareness,0.3307658295705125,1697679170727
calm,awareness,0.23953682537660329,1697679171717
calm,awareness,0.3081968799315128,1697679172712
calm,awareness,0.2669283908511492,1697679173602
calm,awareness,0.2925075860280722,1697679174599
calm,awareness,0.260402225249325,1697679175601
calm,awareness,0.22223320641368038,1697679176593
calm,awareness,0.1526524905072622,1697679177589
calm,awareness,0.24184632578257886,1697679178624
calm,awareness,0.25072552164129436,1697679179476
calm,awareness,0.2665473399261983,1697679180470
calm,awareness,0.2780833979449331,1697679181473
calm,awareness,0.2121603408565399,1697679182471
calm,awareness,0.1819795100578353,1697679183608
calm,awareness,0.3023791204957824,1697679184362
calm,awareness,0.24598347778408025,1697679185351
calm,awareness,0.28327012763633447,1697679186390
calm,awareness,0.2954996115738362,1697679187342
calm,awareness,0.3069166356512031,1697679188341
calm,awareness,0.33505624931588984,1697679189224
calm,awareness,0.279477373342258,1697679190225
calm,awareness,0.2110458118824113,1697679191244
calm,awareness,0.3025176481804196,1697679192218
calm,awareness,0.28965298406699463,1697679193249
calm,awareness,0.2097907725654123,1697679194111
calm,awareness,0.21898218935730313,1697679195110
calm,awareness,0.2147279830998426,1697679196147
calm,awareness,0.2747607489933402,1697679197098
calm,awareness,0.22975969386204986,1697679198091
calm,awareness,0.21694963502842682,1697679199089
calm,awareness,0.21639862939538296,1697679199977
calm,awareness,0.3078694358484012,1697679201033
calm,awareness,0.4476939800735938,1697679201972
calm,awareness,0.30167646108638746,1697679202964
calm,awareness,0.3327119684049828,1697679203967
calm,awareness,0.3613065205799171,1697679204850
calm,awareness,0.3420254843526753,1697679205864
calm,awareness,0.381268008756667,1697679206850
calm,awareness,0.2690429099743703,1697679207843
calm,awareness,0.33945763971595055,1697679208897
calm,awareness,0.1488066091055763,1697679209753
calm,awareness,0.3705205224434636,1697679210727
calm,awareness,0.28308207934143503,1697679211725
calm,awareness,0.4250398859374629,1697679212719
calm,awareness,0.41030945814619757,1697679213748
calm,awareness,0.2669775333078917,1697679214712
calm,awareness,0.3885760618531656,1697679215599
calm,awareness,0.26852654415382793,1697679216614
calm,awareness,0.18962646485431417,1697679217727
calm,awareness,0.3743352539134792,1697679218636
calm,awareness,0.39456685976735484,1697679219588
calm,awareness,0.29073013827922306,1697679220476
calm,awareness,0.3042795026917245,1697679221476
calm,awareness,0.22274492522437478,1697679222475
calm,awareness,0.433611495751393,1697679223467
calm,awareness,0.36154612471231284,1697679224467
calm,awareness,0.2492311162809723,1697679225358
calm,awareness,0.30784126665425793,1697679226385
calm,awareness,0.400285357715749,1697679227349
calm,awareness,0.3017246417357577,1697679228345
calm,awareness,0.32469068736730833,1697679229340
calm,awareness,0.38686979340950955,1697679230337
calm,awareness,0.2730879292889663,1697679231230
calm,awareness,0.41334983074944853,1697679232225
calm,awareness,0.29845918586118353,1697679233223
calm,awareness,0.28226107444145965,1697679234218
calm,awareness,0.22037475728350642,1697679235212
calm,awareness,0.27518386618190077,1697679236110
calm,awareness,0.3445060731242302,1697679237101
calm,awareness,0.24641431475883546,1697679238095
calm,awareness,0.19666447097975912,1697679239121
calm,awareness,0.26186845185824925,1697679240115
calm,awareness,0.17214920829918004,1697679241011
calm,awareness,0.20219802970204948,1697679241975
calm,awareness,0.27683451320035085,1697679242971
calm,awareness,0.3140904603427044,1697679243966
calm,awareness,0.3101744677057739,1697679244965
calm,awareness,0.31415328684661264,1697679245969
calm,awareness,0.36324138835543357,1697679246854
calm,awareness,0.3041475165330096,1697679247850
calm,awareness,0.3093857819168596,1697679248864
calm,awareness,0.31788242558054264,1697679249838
calm,awareness,0.24515893809456568,1697679250843
calm,awareness,0.3313780920978866,1697679251723
calm,awareness,0.2599728801513186,1697679252726
calm,awareness,0.28162762378607265,1697679253760
calm,awareness,0.35197142477877497,1697679254718
calm,awareness,0.3465319480367922,1697679255713
calm,awareness,0.255262330791953,1697679256643
calm,awareness,0.16328682688106,1697679257601
calm,awareness,0.3453115003205319,1697679258599
calm,awareness,0.35398751183540517,1697679259597
calm,awareness,0.43160524184894344,1697679260591
calm,awareness,0.31744397928518014,1697679261603
calm,awareness,0.22910405132689513,1697679262475
calm,awareness,0.38081028387454824,1697679263470
calm,awareness,0.41473164639988536,1697679264470
calm,awareness,0.3682474504650117,1697679265465
calm,awareness,0.30846533419670197,1697679266479
calm,awareness,0.3367108764300111,1697679267350
calm,awareness,0.3721697914552647,1697679268348
calm,awareness,0.41763132127311076,1697679269352
calm,awareness,0.2716709264998678,1697679270342
calm,awareness,0.36293835374446987,1697679271343
calm,awareness,0.4048396822334773,1697679272251
calm,awareness,0.23308953791927386,1697679273224
calm,awareness,0,1697679274221
calm,awareness,0,1697679275214
calm,awareness,0.1963436730307113,1697679276285
calm,awareness,0.3776104819110459,1697679277213
calm,awareness,0.2942501219969578,1697679278103
calm,awareness,0.3875730331660021,1697679279098
calm,awareness,0.20134941020807523,1697679280094
calm,awareness,0.3591582193874216,1697679281101
calm,awareness,0.4320911167034217,1697679282088
calm,awareness,0.3330715878014629,1697679282974
calm,awareness,0.3308233762511087,1697679284009
calm,awareness,0.3619583999467922,1697679284970
calm,awareness,0.3680887804059964,1697679285968
calm,awareness,0.3284528300517435,1697679286965
calm,awareness,0.2666418834037492,1697679287888
calm,awareness,0.2208003135220364,1697679288890
calm,awareness,0.3504911301741146,1697679289849
calm,awareness,0.2678352914588898,1697679290845
calm,awareness,0.4155576226971919,1697679291842
calm,awareness,0.3425336725128266,1697679292845
calm,awareness,0.3811346722617426,1697679293726
calm,awareness,0.28782599606506937,1697679294730
calm,awareness,0.2756351883727268,1697679295720
calm,awareness,0.28939011013615595,1697679296728
calm,awareness,0.4348220298013823,1697679297713
calm,awareness,0.3831020984039429,1697679298603
calm,awareness,0.3997181455815402,1697679299602
calm,awareness,0.41208605971067347,1697679300597
calm,awareness,0.29400961137254367,1697679301613
calm,awareness,0.3683973219277063,1697679302588
calm,awareness,0.18810745865474449,1697679303494
calm,awareness,0.14041864885698518,1697679304475
calm,awareness,0.312708616170462,1697679305474
calm,awareness,0.28713040074390384,1697679306492
calm,awareness,0.21725818675291686,1697679307470
calm,awareness,0.30180077992659415,1697679308462
calm,awareness,0.1556417136970018,1697679309358
calm,awareness,0.35677139378858147,1697679310347
calm,awareness,0.2719954872861712,1697679311356
calm,awareness,0.373623576662661,1697679312361
calm,awareness,0.388098853873907,1697679313340
calm,awareness,0.2843406348143308,1697679314344
calm,awareness,0.32255107447867537,1697679315229
calm,awareness,0.33091402827915745,1697679316234
calm,awareness,0.3580240593182876,1697679317226
calm,awareness,0.2780413729190892,1697679318213
calm,awareness,0.20066357202060187,1697679319110
calm,awareness,0.19480416403385886,1697679320102
calm,awareness,0.3313640203948734,1697679321098
calm,awareness,0.24942568017797656,1697679322098
calm,awareness,0.37056794454036945,1697679323091
calm,awareness,0.2624298857810372,1697679324095
calm,awareness,0.2065437919329073,1697679324975
calm,awareness,0.29442164334368515,1697679325971
calm,awareness,0.29299942243854676,1697679326973
calm,awareness,0.24627173618632703,1697679327967
calm,awareness,0.30427083884590894,1697679328981
calm,awareness,0.16852706852305835,1697679329858
calm,awareness,0.20130431088514067,1697679330852
calm,awareness,0.3866886660912152,1697679331848
calm,awareness,0.34158557038196097,1697679332842
calm,awareness,0.30872517481632034,1697679333839
calm,awareness,0.29592496755603603,1697679334746
calm,awareness,0.2843222907579689,1697679335723
calm,awareness,0.4262320864638207,1697679336724
calm,awareness,0.4343628885755502,1697679337718
calm,awareness,0.22416091634211943,1697679338715
calm,awareness,0.5242762991541136,1697679339711
calm,awareness,0.39474357821896344,1697679340599
calm,awareness,0.37507766649451757,1697679341612
calm,awareness,0.299256855602434,1697679342599
calm,awareness,0.3419109526588904,1697679343597
calm,awareness,0.19205853931271719,1697679344594
calm,awareness,0.3101607854589411,1697679345476
calm,awareness,0.26805761078530943,1697679346479
calm,awareness,0.381469116943273,1697679347471
calm,awareness,0.2874573372384135,1697679348467
calm,awareness,0.2436080754079754,1697679349463
calm,awareness,0.0991482030885377,1697679350356
calm,awareness,0.16974909380388137,1697679351362
calm,awareness,0.15865618066258047,1697679352349
calm,awareness,0.3023877535391214,1697679353343
calm,awareness,0.30457668773072516,1697679354344
calm,awareness,0.27786159199883387,1697679355339
calm,awareness,0.16978941803616035,1697679356227
calm,awareness,0.3044226250131381,1697679357226
calm,awareness,0.2995623797839613,1697679358232
calm,awareness,0.21626129894450127,1697679359222
calm,awareness,0.26462586335407773,1697679360212
calm,awareness,0.30338211964182715,1697679361099
calm,awareness,0.26395242009566156,1697679362101
calm,awareness,0.4047032018366666,1697679363097
calm,awareness,0.30756430930812556,1697679364102
calm,awareness,0.3289423863237142,1697679365093
calm,awareness,0.20410319814378589,1697679365998
calm,awareness,0.3857558729712312,1697679366995
calm,awareness,0.3585083924227099,1697679367970
calm,awareness,0.336035713669424,1697679368966
calm,awareness,0.2594226490989194,1697679369966
calm,awareness,0.33025511211767705,1697679370964
calm,awareness,0.2850197042682066,1697679371881
calm,awareness,0.25336775407248496,1697679372847
calm,awareness,0.27609266182724507,1697679373848
calm,awareness,0.3929656333006143,1697679374844
calm,awareness,0.3391846676159557,1697679375839
calm,awareness,0.40141643194783694,1697679376729
calm,awareness,0.31416870834797594,1697679377725
calm,awareness,0.27350113146149874,1697679378721
calm,awareness,0.2508402986044449,1697679379717
calm,awareness,0.3289152414430889,1697679380715
calm,awareness,0.29375909151211865,1697679381623
calm,awareness,0.2576132654479368,1697679382603
calm,awareness,0.08292691341824915,1697679383601
calm,awareness,0.24472094229220367,1697679384591
calm,awareness,0.3559667904486495,1697679385598
calm,awareness,0.26301306447043404,1697679386609
calm,awareness,0.30069938973033744,1697679387473
calm,awareness,0.3767022396452464,1697679388470
calm,awareness,0.2673117604727364,1697679389472
calm,awareness,0.3161277307093232,1697679390465
calm,awareness,0.2637843662444905,1697679391469
calm,awareness,0.23864720276140974,1697679392357
calm,awareness,0.19945830344226356,1697679393353
calm,awareness,0.22162379455020548,1697679394360
calm,awareness,0.30197840373163115,1697679395344
calm,awareness,0.23351921667372177,1697679396345
calm,awareness,0.3787423200112058,1697679397257
calm,awareness,0.1200992245425353,1697679398244
calm,awareness,0.23624363539703735,1697679399274
calm,awareness,0.43111278124238095,1697679400219
calm,awareness,0.3745785958372425,1697679401213
calm,awareness,0.36492555504480867,1697679402221
calm,awareness,0.4706769999266993,1697679403104
calm,awareness,0.4169262151951985,1697679404100
calm,awareness,0.35885976509459616,1697679405101
calm,awareness,0.4465590631666261,1697679406091
calm,awareness,0.4628900507752699,1697679407095
calm,awareness,0.2724849489131679,1697679408022
calm,awareness,0.3819370453675077,1697679408978
calm,awareness,0.3190487854244951,1697679409970
calm,awareness,0.3678321922547873,1697679410966
calm,awareness,0.1522796720542532,1697679411964
calm,awareness,0.21551130176636338,1697679412857
calm,awareness,0.15471633769925192,1697679413851
calm,awareness,0.20620063633948138,1697679414852
calm,awareness,0.2649208468120421,1697679415843
calm,awareness,0.21708151201789255,1697679416854
calm,awareness,0.34227129054545763,1697679417844
calm,awareness,0.42619850039598267,1697679418726
calm,awareness,0.2700383491341365,1697679419724
calm,awareness,0.25203800176183894,1697679420724
calm,awareness,0.35204528175913163,1697679421720
calm,awareness,0.3495896164877463,1697679422716
calm,awareness,0.398533895243407,1697679423607
calm,awareness,0.35027416132124845,1697679424600
calm,awareness,0.40103601837072916,1697679425598
calm,awareness,0.45995327481003284,1697679426627
calm,awareness,0.43900253572987746,1697679427599
calm,awareness,0,1697679428500
calm,awareness,0,1697679429496
calm,awareness,0.16673155922638333,1697679430473
calm,awareness,0.14575632451431297,1697679431466
calm,awareness,0.2205653213355081,1697679432467
calm,awareness,0.3856432498146388,1697679433465
calm,awareness,0.4377437221286773,1697679434363
calm,awareness,0.306761683697006,1697679435357
calm,awareness,0.2677271385303003,1697679436348
calm,awareness,0.358115281683567,1697679437347
calm,awareness,0.33431235203156756,1697679438342
calm,awareness,0.41710977543622113,1697679439224
calm,awareness,0.31662647050720705,1697679440224
calm,awareness,0.5061241168212796,1697679441223
calm,awareness,0.4013753249636959,1697679442218
calm,awareness,0.34125317947114525,1697679443214
calm,awareness,0.345839950982398,1697679444104
calm,awareness,0.2830883681703402,1697679445102
calm,awareness,0.3028569761770895,1697679446100
calm,awareness,0.4175239034323493,1697679447112
calm,awareness,0.40885222158959433,1697679448095
calm,awareness,0.31112108986205556,1697679449089
calm,awareness,0.43385575560827067,1697679449977
calm,awareness,0.4345153371000831,1697679450976
calm,awareness,0.39963820879350964,1697679451980
calm,awareness,0.446116838598125,1697679452967
calm,awareness,0.3894187393347797,1697679453963
calm,awareness,0.2427650744012406,1697679454850
calm,awareness,0.28696856470924426,1697679455851
calm,awareness,0.3449696290830856,1697679456868
calm,awareness,0.2607295369188437,1697679457845
calm,awareness,0.3434330470619231,1697679458842
calm,awareness,0.5094433453503929,1697679459751
calm,awareness,0.39776676599402416,1697679460727
calm,awareness,0.3820220685989734,1697679461741
calm,awareness,0.2772085980146739,1697679462716
calm,awareness,0.41670868854108634,1697679463716
calm,awareness,0.4558761376995826,1697679464713
calm,awareness,0.38836347588262937,1697679465601
calm,awareness,0.37721606199852487,1697679466598
calm,awareness,0.3434830658391983,1697679467633
calm,awareness,0.40971384205875444,1697679468591
calm,awareness,0.36686534593730197,1697679469603
calm,awareness,0.17233246313409617,1697679470477
calm,awareness,0.29025289180604735,1697679471472
calm,awareness,0.3495221596373924,1697679472472
calm,awareness,0.27166568123833,1697679473490
calm,awareness,0.20358312048900734,1697679474479
calm,awareness,0.2356703313839347,1697679475355
calm,awareness,0.28762675593278747,1697679476353
calm,awareness,0.2614404481628159,1697679477352
calm,awareness,0.31968743832483476,1697679478342
calm,awareness,0.39478560718427724,1697679479345
calm,awareness,0.4487156269787474,1697679480340
calm,awareness,0.4403097796174278,1697679481225
calm,awareness,0.45072852438526256,1697679482238
calm,awareness,0.35061074239625817,1697679483220
calm,awareness,0.3349140999973335,1697679484225
calm,awareness,0.4212048580619428,1697679485236
calm,awareness,0.3409105006528969,1697679486112
calm,awareness,0.3341748576026915,1697679487114
calm,awareness,0.4320619002050646,1697679488099
calm,awareness,0.3550476044817553,1697679489092
calm,awareness,0.290650105584151,1697679490126
calm,awareness,0.3787209568196868,1697679491007
calm,awareness,0.26220603251632757,1697679491998
calm,awareness,0.3743375914191116,1697679492972
calm,awareness,0.40343683130956237,1697679493972
calm,awareness,0.44512467158546143,1697679494969
calm,awareness,0.37590171468994293,1697679495980
calm,awareness,0.43371169175857094,1697679496865
calm,awareness,0.3827981392718832,1697679497853
calm,awareness,0.28173527651724806,1697679498849
calm,awareness,0.40233748856048435,1697679499852
calm,awareness,0.41870607205693605,1697679500844
calm,awareness,0.4477517149839556,1697679501725
calm,awareness,0.4526080715639907,1697679502732
calm,awareness,0.3276003567643411,1697679503727
calm,awareness,0.10570831350654453,1697679504717
calm,awareness,0.16020518860093771,1697679505714
calm,awareness,0.4309283875084181,1697679506606
calm,awareness,0.3848793632690592,1697679507604
calm,awareness,0.23112665353947387,1697679508613
calm,awareness,0.32218870796051263,1697679509592
calm,awareness,0.41121067869204786,1697679510596
calm,awareness,0.19291672369285365,1697679511615
calm,awareness,0.20574447526158135,1697679512520
calm,awareness,0.0459235174215538,1697679513476
calm,awareness,0,1697679514472
calm,awareness,0.4213702605372167,1697679515463
calm,awareness,0.31707419683000077,1697679516472
calm,awareness,0.3187684272198444,1697679517386
calm,awareness,0.28423994940981606,1697679518353
calm,awareness,0.24130324485579296,1697679519349
calm,awareness,0.22498462709522077,1697679520344
calm,awareness,0.3780695540127873,1697679521339
calm,awareness,0.4413285394090926,1697679522261
calm,awareness,0.3626315215011649,1697679523228
calm,awareness,0.38485507450895995,1697679524221
calm,awareness,0.4027883707221726,1697679525218
calm,awareness,0.3860496895269875,1697679526220
calm,awareness,0.3964717713247661,1697679527230
calm,awareness,0.32518613380468714,1697679528102
calm,awareness,0.4462046997908499,1697679529099
calm,awareness,0.3741069505779705,1697679530103
calm,awareness,0.40660700858395227,1697679531094
calm,awareness,0.4595718360950836,1697679532093
calm,awareness,0.3029218554484522,1697679532975
calm,awareness,0.39412895314788576,1697679533974
calm,awareness,0.4342179428045709,1697679534992
calm,awareness,0.45635792668621067,1697679535971
calm,awareness,0.32138782646197883,1697679536984
calm,awareness,0.27934764671487766,1697679537854
calm,awareness,0.5202973322569644,1697679538863
calm,awareness,0.4047513773833007,1697679539851
calm,awareness,0.4295681318551261,1697679540842
calm,awareness,0.3870015236220493,1697679541841
calm,awareness,0.3612942150388572,1697679542843
calm,awareness,0.31950834570430964,1697679543726
calm,awareness,0.1854649193667912,1697679544724
calm,awareness,0.24356072237909768,1697679545721
calm,awareness,0.3273798712746451,1697679546719
calm,awareness,0.3089365079633941,1697679547778
calm,awareness,0.3889926443232849,1697679548604
calm,awareness,0.4407870936712539,1697679549601
calm,awareness,0.3281254708389934,1697679550599
calm,awareness,0.3321110512773402,1697679551594
calm,awareness,0.4871387089601805,1697679552628
calm,awareness,0.37838169480696676,1697679553501
calm,awareness,0.2571984165769847,1697679554475
calm,awareness,0.315001852841412,1697679555474
calm,awareness,0.285493844633616,1697679556467
calm,awareness,0.2501594763724322,1697679557482
calm,awareness,0.30271143316721905,1697679558464
calm,awareness,0.23906748432192548,1697679559383
calm,awareness,0.31469329732211543,1697679560352
calm,awareness,0.16624826066730908,1697679561345
calm,awareness,0,1697679562366
calm,awareness,0,1697679563342
calm,awareness,0.07196966028813191,1697679564231
calm,awareness,0.23857694799534074,1697679565232
calm,awareness,0.27986474076616286,1697679566222
calm,awareness,0.3039656020525264,1697679567222
calm,awareness,0.286413102824885,1697679568219
calm,awareness,0.25228826492896994,1697679569110
calm,awareness,0.22708326273609564,1697679570129
calm,awareness,0.1891866810992739,1697679571099
calm,awareness,0.28113605078158055,1697679572115
calm,awareness,0.1479880343378953,1697679573096
calm,awareness,0.32963131133134227,1697679574088
calm,awareness,0.21416889268442624,1697679574976
calm,awareness,0.35148440282370247,1697679575976
calm,awareness,0.3637312574636842,1697679576972
calm,awareness,0.3324537131557494,1697679577968
calm,awareness,0.3268039092037429,1697679578971
calm,awareness,0.37305282499607384,1697679579851
calm,awareness,0.30626217930854155,1697679580852
calm,awareness,0.3388969433787984,1697679581851
calm,awareness,0.34624801654297066,1697679582862
calm,awareness,0.3583597844389113,1697679583839
calm,awareness,0.35361683134171484,1697679584752
calm,awareness,0.2459989166666963,1697679585727
calm,awareness,0.3494274233985601,1697679586726
calm,awareness,0.2251234332632969,1697679587719
calm,awareness,0.31393445222153615,1697679588716
calm,awareness,0.3770977340612155,1697679589712
calm,awareness,0.3032214135960968,1697679590605
calm,awareness,0.28099825994295363,1697679591600
calm,awareness,0.38904671335404034,1697679592610
calm,awareness,0.34733212159964794,1697679593593
calm,awareness,0.2951388573424699,1697679594592
calm,awareness,0.3658166111782214,1697679595481
calm,awareness,0.3445699295915905,1697679596472
calm,awareness,0.23203428994465575,1697679597484
calm,awareness,0.24080228058136477,1697679598475
calm,awareness,0.23182394771265602,1697679599463
calm,awareness,0.31320997699030284,1697679600359
calm,awareness,0.3713880246266523,1697679601351
calm,awareness,0.33819381790087444,1697679602377
calm,awareness,0.2102465703018476,1697679603388
calm,awareness,0.4285809925456553,1697679604339
calm,awareness,0.34855340603710355,1697679605379
calm,awareness,0.48304892521790993,1697679606230
calm,awareness,0.29854319515436845,1697679607236
calm,awareness,0.31991823244681156,1697679608232
calm,awareness,0.27650069843385555,1697679609218
calm,awareness,0.34062720234807836,1697679610291
calm,awareness,0.33377586288160654,1697679611103
calm,awareness,0.258282611248874,1697679612097
calm,awareness,0.23197289807715718,1697679613102
calm,awareness,0.14557002277225006,1697679614096
calm,awareness,0.18390278799481502,1697679615093
calm,awareness,0.25453147894013745,1697679616004
calm,awareness,0.17351389820947952,1697679616975
calm,awareness,0.14731744941133063,1697679617979
calm,awareness,0.26532287469086197,1697679618969
calm,awareness,0.2185821586889274,1697679619967
calm,awareness,0.16034088429018944,1697679620966
calm,awareness,0.2677070010525191,1697679621852
calm,awareness,0.29536311107812974,1697679622859
calm,awareness,0,1697679623848
calm,awareness,0,1697679624844
calm,awareness,0.21921568992148055,1697679625843
calm,awareness,0.2735778926866522,1697679626724
calm,awareness,0.2699982659964268,1697679627745
calm,awareness,0.4314727730495,1697679628732
calm,awareness,0.22359165048007806,1697679629717
calm,awareness,0.29815623200409674,1697679630715
calm,awareness,0.2358691557210123,1697679631607
calm,awareness,0.28428451152399514,1697679632614
calm,awareness,0.2227517617385585,1697679633598
calm,awareness,0.3057231500816676,1697679634593
calm,awareness,0.32147284234352186,1697679635591
calm,awareness,0.2998150974148581,1697679636591
calm,awareness,0.30897052155072247,1697679637499
calm,awareness,0.22095970929059203,1697679638472
calm,awareness,0.2354536995457912,1697679639473
calm,awareness,0.22766221461761743,1697679640471
calm,awareness,0.2564499987443327,1697679641464
calm,awareness,0.23252580514816554,1697679642372
calm,awareness,0.3058381875973636,1697679643353
calm,awareness,0.32153408084849494,1697679644352
calm,awareness,0.39365641987183564,1697679645356
calm,awareness,0.3394042032479148,1697679646339
calm,awareness,0.31352464084534226,1697679647248
calm,awareness,0.31396852939811215,1697679648227
calm,awareness,0.35952676184952853,1697679649221
calm,awareness,0.2877860509399686,1697679650218
calm,awareness,0.23942656344755794,1697679651216
calm,awareness,0.3229960090831973,1697679652212
calm,awareness,0.3031301975311109,1697679653104
calm,awareness,0.192966944336602,1697679654100
calm,awareness,0.253089909295629,1697679655095
calm,awareness,0.286718851781818,1697679656092
calm,awareness,0.3028180559978774,1697679657096
calm,awareness,0.35912016151876136,1697679657978
calm,awareness,0.33276598905124377,1697679659011
calm,awareness,0.3245202598575943,1697679659975
calm,awareness,0.37937371836511447,1697679660971
calm,awareness,0.30887438571069437,1697679661965
calm,awareness,0.17971330896258267,1697679662868
calm,awareness,0.19459566913961632,1697679663850
calm,awareness,0.25368283406194375,1697679664846
calm,awareness,0.2989069899281119,1697679665844
calm,awareness,0.3586094027244976,1697679666842
calm,awareness,0.3298402227180991,1697679667847
calm,awareness,0.3189583178011332,1697679668725
calm,awareness,0.23663399872910568,1697679669721
calm,awareness,0.3474090087739849,1697679670723
calm,awareness,0.368387282915674,1697679671717
calm,awareness,0.353699342035539,1697679672750